"student_id","school_id","grade","class","q1","q2","q3","q4","q5","q6","q7","q8","complete_survey"
"0hIoq@cunb.edu","812",8,"A","Very much","Slightly","Somewhat","Disagree","Strongly agree","Agree","Strongly disagree","Enroll in an university",1
"0JGtI@cunb.edu","458",8,"A","Slightly","Somewhat","Much","Neutral","Disagree","Agree","Strongly disagree","I don't know",1
"0PATX@cunb.edu","946",8,"C","Much","Somewhat","Very much","Strongly agree","Strongly agree","Neutral","Strongly disagree","Work after finishing school",1
"0PYm6@cunb.edu","812",7,"B","Much","Much","Much","Agree","Disagree","Agree","Strongly disagree","Enroll in an university",1
"0WFMz@cunb.edu","812",8,"D","Slightly","Very much","Not at all","Neutral","Disagree","Strongly agree","Disagree","I don't know",1
"18g2f@cunb.edu","881",6,"A","Much","Not at all","Not at all","Strongly disagree","Neutral","Strongly agree","Agree","Enroll in a technical institute",1
"1IHqe@cunb.edu","812",7,"A","Not at all","Not at all","Not at all","Neutral","Disagree","Neutral","Disagree","Enroll in a  professional/vocational institute",1
"1kRmv@cunb.edu","057",8,"A","Not at all","Somewhat","Much","Disagree","Disagree","Strongly agree","Strongly disagree","Enroll in high school",1
"2cGXT@cunb.edu","458",7,"C","Much","Somewhat","Slightly","Disagree","Strongly agree","Strongly agree","Neutral","I don't know",1
"2jOWf@cunb.edu","426",8,"B","Somewhat","Slightly","Very much","Neutral","Strongly disagree","Disagree","Neutral","Enroll in a technical institute",1
"2MAO9@cunb.edu","499",8,"C","Slightly","Very much","Not at all","Strongly agree","Neutral","Strongly agree","Disagree","I don't know",1
"2mjto@cunb.edu","141",6,"B","Much","Much","Slightly","Strongly disagree","Strongly disagree","Strongly disagree","Strongly agree","Enroll in a  professional/vocational institute",1
"2XgrS@cunb.edu","881",6,"B","Somewhat","Slightly","Slightly","Neutral","Neutral","Strongly agree","Strongly disagree","I don't know",1
"32CUr@cunb.edu","262",6,"B","Very much","Much","Not at all","Disagree","Strongly agree","Neutral","Strongly disagree","Enroll in an university",1
"37TBM@cunb.edu","458",8,"A","Very much","Much","Somewhat","Disagree","Strongly agree","Strongly agree","Neutral","I don't know",1
"3cxLM@cunb.edu","141",8,"A","Very much","Not at all","Not at all","Agree","Agree","Neutral","Neutral","Enroll in a  professional/vocational institute",1
"3fXdA@cunb.edu","499",7,"C","Much","Not at all","Somewhat","Strongly agree","Strongly disagree","Strongly agree","Neutral","Enroll in high school",1
"3RWwK@cunb.edu","426",8,"D","Much","Slightly","Somewhat","Disagree","Strongly disagree","Strongly agree","Strongly disagree","Enroll in an university",1
"3SkiA@cunb.edu","141",6,"C","Slightly","Much","Somewhat","Strongly disagree","Agree","Neutral","Strongly disagree","Enroll in a  professional/vocational institute",1
"3wj1i@cunb.edu","262",7,"D","Slightly","Much","Very much","Strongly agree","Strongly disagree","Agree","Strongly disagree","Enroll in a  professional/vocational institute",1
"47Nsz@cunb.edu","458",7,"D","Very much","Much","Somewhat","Strongly disagree","Strongly agree","Disagree","Agree","Enroll in an university",1
"4a5ft@cunb.edu","057",8,"B","Much","Not at all","Not at all","Neutral","Strongly agree","Strongly agree","Strongly agree","Work after finishing school",1
"4DQCJ@cunb.edu","057",8,"D","Somewhat","Slightly","Much","Agree","Strongly disagree","Disagree","Agree","I don't know",1
"4I4iO@cunb.edu","458",7,"A","Slightly","Much","Not at all","Strongly agree","Strongly agree","Agree","Agree","Enroll in high school",1
"4JS7L@cunb.edu","057",6,"A","Slightly","Slightly","Very much","Neutral","Neutral","Neutral","Neutral","Enroll in high school",1
"4PCZq@cunb.edu","946",8,"A","Slightly","Much","Somewhat","Strongly agree","Agree","Agree","Strongly agree","Enroll in a  professional/vocational institute",1
"4psQs@cunb.edu","812",6,"B","Slightly","Slightly","Much","Strongly disagree","Strongly disagree","Strongly disagree","Strongly agree","I don't know",1
"4qXYH@cunb.edu","141",8,"D","Much","Somewhat","Somewhat","Strongly disagree","Neutral","Strongly disagree","Agree","I don't know",1
"4REO0@cunb.edu","946",8,"A","Somewhat","Somewhat","Much","Neutral","Strongly disagree","Neutral","Strongly agree","Enroll in an university",1
"4S89F@cunb.edu","262",8,"C","Slightly","Slightly","Slightly","Strongly agree","Agree","Strongly agree","Neutral","Enroll in an university",1
"4SS4z@cunb.edu","946",8,"B","Not at all","Not at all","Not at all","Disagree","Agree","Disagree","Strongly agree","Enroll in an university",1
"4tUgB@cunb.edu","499",7,"B","Somewhat","Not at all","Slightly","Neutral","Strongly agree","Neutral","Neutral","Enroll in high school",1
"4W5aE@cunb.edu","881",8,"D","Slightly","Very much","Much","Strongly disagree","Disagree","Disagree","Strongly agree","Enroll in high school",1
"4WNIt@cunb.edu","946",7,"A","Much","Very much","Slightly","Strongly disagree","Neutral","Agree","Strongly agree","Work after finishing school",1
"51HIl@cunb.edu","262",6,"C","Somewhat","Very much","Very much","Disagree","Agree","Neutral","Agree","Enroll in high school",1
"5KxOK@cunb.edu","499",7,"D","Much","Somewhat","Very much","Strongly disagree","Neutral","Agree","Strongly disagree","Enroll in a  professional/vocational institute",1
"5NU6P@cunb.edu","426",8,"D","Very much","Much","Somewhat","Disagree","Strongly agree","Strongly disagree","Agree","Enroll in a  professional/vocational institute",1
"5OkwL@cunb.edu","426",6,"B","Somewhat","Somewhat","Slightly","Strongly agree","Neutral","Disagree","Strongly agree","I don't know",1
"5qXjJ@cunb.edu","499",7,"D","Somewhat","Slightly","Not at all","Agree","Agree","Strongly agree","Agree","Work after finishing school",1
"5SarD@cunb.edu","262",6,"D","Very much","Much","Slightly","Agree","Disagree","Strongly disagree","Neutral","Enroll in an university",1
"5Vm3W@cunb.edu","060",7,"B","Somewhat","Not at all","Not at all","Strongly disagree","Strongly disagree","Strongly disagree","Strongly agree","Enroll in an university",1
"5xeOF@cunb.edu","141",8,"C","Much","Not at all","Somewhat","Strongly disagree","Neutral","Strongly agree","Disagree","Enroll in an university",1
"6cnUg@cunb.edu","812",8,"B","Not at all","Somewhat","Much","Neutral","Agree","Disagree","Neutral","I don't know",1
"6i5ik@cunb.edu","946",8,"A","Slightly","Somewhat","Very much","Strongly agree","Neutral","Neutral","Disagree","Enroll in a technical institute",1
"6pDL7@cunb.edu","458",7,"B","Not at all","Much","Slightly","Disagree","Strongly disagree","Neutral","Neutral","I don't know",1
"6vIob@cunb.edu","060",8,"C","Somewhat","Slightly","Somewhat","Agree","Neutral","Neutral","Neutral","Enroll in a technical institute",1
"6ZaxY@cunb.edu","060",7,"C","Not at all","Somewhat","Slightly","Neutral","Neutral","Strongly disagree","Agree","Enroll in a  professional/vocational institute",1
"791ty@cunb.edu","060",8,"D","Slightly","Much","Not at all","Neutral","Disagree","Strongly disagree","Agree","Work after finishing school",1
"7AmFD@cunb.edu","426",7,"C","Much","Slightly","Not at all","Neutral","Strongly disagree","Agree","Strongly agree","Enroll in high school",1
"7Gi7W@cunb.edu","057",8,"D","Not at all","Much","Much","Disagree","Strongly agree","Disagree","Strongly agree","Enroll in a  professional/vocational institute",1
"7mIjE@cunb.edu","499",8,"C","Somewhat","Slightly","Very much","Disagree","Strongly disagree","Neutral","Strongly disagree","Enroll in high school",1
"7N7rZ@cunb.edu","262",8,"D","Slightly","Somewhat","Not at all","Disagree","Neutral","Strongly agree","Agree","Enroll in an university",1
"7VlRd@cunb.edu","946",8,"B","Very much","Slightly","Slightly","Disagree","Neutral","Disagree","Strongly disagree","Enroll in a technical institute",1
"7YOBi@cunb.edu","057",7,"A","Much","Slightly","Much","Agree","Neutral","Agree","Disagree","Enroll in a  professional/vocational institute",1
"81pas@cunb.edu","057",7,"A","Very much","Slightly","Not at all","Strongly agree","Disagree","Strongly agree","Neutral","Enroll in an university",1
"84TJh@cunb.edu","946",6,"A","Slightly","Very much","Not at all","Disagree","Neutral","Strongly agree","Agree","Enroll in an university",1
"86G8i@cunb.edu","262",6,"D","Somewhat","Much","Much","Agree","Agree","Disagree","Agree","Enroll in an university",1
"87sjM@cunb.edu","499",8,"B","Very much","Very much","Slightly","Agree","Agree","Strongly disagree","Strongly agree","I don't know",1
"88a7F@cunb.edu","499",7,"C","Slightly","Not at all","Very much","Strongly agree","Disagree","Disagree","Strongly agree","Enroll in a  professional/vocational institute",1
"8gRtx@cunb.edu","262",6,"B","Much","Not at all","Much","Agree","Neutral","Neutral","Strongly disagree","I don't know",1
"8NQ7I@cunb.edu","426",7,"A","Not at all","Slightly","Much","Disagree","Agree","Strongly disagree","Disagree","Enroll in high school",1
"8tTwX@cunb.edu","946",6,"B","Very much","Very much","Much","Strongly disagree","Neutral","Neutral","Disagree","I don't know",1
"8VMWt@cunb.edu","946",6,"A","Much","Not at all","Not at all","Strongly agree","Agree","Strongly agree","Disagree","Enroll in a technical institute",1
"9ALUk@cunb.edu","499",8,"A","Very much","Somewhat","Not at all","Neutral","Agree","Strongly agree","Disagree","Enroll in a technical institute",1
"9cDuB@cunb.edu","262",8,"A","Much","Somewhat","Much","Strongly disagree","Strongly agree","Strongly agree","Neutral","Enroll in a  professional/vocational institute",1
"9shph@cunb.edu","262",6,"D","Somewhat","Much","Somewhat","Strongly disagree","Strongly agree","Strongly disagree","Strongly agree","I don't know",1
"9zhxN@cunb.edu","426",7,"A","Very much","Somewhat","Very much","Agree","Agree","Strongly disagree","Neutral","Work after finishing school",1
"A28n9@cunb.edu","946",8,"C","Slightly","Much","Very much","Neutral","Agree","Disagree","Disagree","Enroll in a technical institute",1
"a3o6h@cunb.edu","262",8,"B","Somewhat","Not at all","Not at all","Agree","Strongly disagree","Strongly disagree","Strongly agree","Enroll in a technical institute",1
"A9jHQ@cunb.edu","060",8,"A","Slightly","Very much","Very much","Strongly agree","Strongly agree","Disagree","Neutral","Enroll in a technical institute",1
"ACJJG@cunb.edu","458",7,"B","Not at all","Slightly","Much","Disagree","Strongly agree","Strongly disagree","Disagree","Enroll in a technical institute",1
"AcWAh@cunb.edu","426",6,"A","Not at all","Not at all","Very much","Strongly agree","Agree","Strongly agree","Agree","Enroll in high school",1
"AdgKa@cunb.edu","057",6,"B","Slightly","Not at all","Much","Strongly disagree","Strongly disagree","Strongly disagree","Neutral","Enroll in high school",1
"AgNXI@cunb.edu","499",8,"D","Very much","Slightly","Slightly","Strongly agree","Disagree","Neutral","Strongly disagree","Work after finishing school",1
"AHimW@cunb.edu","262",8,"B","Somewhat","Not at all","Very much","Strongly agree","Disagree","Disagree","Disagree","Enroll in a technical institute",1
"AHshX@cunb.edu","262",8,"A","Somewhat","Not at all","Slightly","Strongly disagree","Strongly agree","Neutral","Strongly agree","Enroll in an university",1
"ahvov@cunb.edu","881",7,"D","Very much","Not at all","Much","Disagree","Strongly disagree","Agree","Neutral","Enroll in a  professional/vocational institute",1
"aHyvt@cunb.edu","141",8,"D","Very much","Somewhat","Very much","Strongly disagree","Agree","Neutral","Agree","Enroll in a  professional/vocational institute",1
"AoEdH@cunb.edu","262",7,"C","Not at all","Much","Slightly","Disagree","Neutral","Strongly disagree","Strongly disagree","I don't know",1
"aqRNG@cunb.edu","458",8,"C","Very much","Much","Somewhat","Agree","Agree","Strongly agree","Strongly agree","Enroll in a  professional/vocational institute",1
"ars86@cunb.edu","946",8,"B","Very much","Slightly","Slightly","Agree","Disagree","Strongly disagree","Strongly disagree","Work after finishing school",1
"ARw8M@cunb.edu","499",7,"C","Somewhat","Very much","Very much","Agree","Neutral","Strongly agree","Agree","Enroll in a technical institute",1
"AuSas@cunb.edu","426",6,"D","Much","Not at all","Somewhat","Agree","Strongly disagree","Disagree","Neutral","Enroll in a technical institute",1
"av8XL@cunb.edu","060",7,"B","Very much","Very much","Much","Disagree","Strongly agree","Strongly agree","Strongly disagree","I don't know",1
"AVsto@cunb.edu","060",7,"A","Somewhat","Much","Slightly","Strongly disagree","Agree","Strongly agree","Neutral","Enroll in high school",1
"AYYcQ@cunb.edu","881",6,"C","Somewhat","Very much","Somewhat","Agree","Agree","Strongly disagree","Disagree","Enroll in an university",1
"azdI3@cunb.edu","060",6,"C","Somewhat","Very much","Not at all","Strongly agree","Neutral","Disagree","Strongly agree","Enroll in an university",1
"b0a84@cunb.edu","812",8,"A","Somewhat","Very much","Not at all","Strongly agree","Agree","Strongly agree","Strongly disagree","Enroll in a technical institute",1
"b25qn@cunb.edu","881",8,"A","Very much","Not at all","Somewhat","Disagree","Strongly agree","Strongly agree","Strongly agree","Enroll in a technical institute",1
"B8Cnb@cunb.edu","946",7,"A","Somewhat","Very much","Slightly","Strongly agree","Strongly agree","Agree","Agree","Enroll in a  professional/vocational institute",1
"b9I0y@cunb.edu","812",6,"C","Very much","Not at all","Not at all","Neutral","Strongly disagree","Disagree","Disagree","Enroll in high school",1
"BBAak@cunb.edu","458",7,"D","Slightly","Very much","Somewhat","Strongly agree","Disagree","Strongly agree","Disagree","Enroll in a technical institute",1
"bclnd@cunb.edu","812",8,"B","Not at all","Slightly","Slightly","Strongly agree","Strongly disagree","Strongly agree","Neutral","Work after finishing school",1
"BGOjz@cunb.edu","426",7,"B","Much","Slightly","Slightly","Agree","Strongly disagree","Agree","Neutral","Work after finishing school",1
"BHKr9@cunb.edu","262",8,"A","Much","Very much","Somewhat","Disagree","Neutral","Disagree","Disagree","I don't know",1
"BI2wB@cunb.edu","057",8,"C","Not at all","Slightly","Very much","Strongly disagree","Agree","Neutral","Disagree","I don't know",1
"BI9BP@cunb.edu","881",6,"B","Somewhat","Slightly","Much","Strongly disagree","Disagree","Disagree","Disagree","Enroll in high school",1
"biq8t@cunb.edu","141",7,"D","Much","Somewhat","Much","Strongly disagree","Neutral","Neutral","Strongly disagree","Work after finishing school",1
"bsmjY@cunb.edu","812",7,"D","Slightly","Somewhat","Not at all","Neutral","Disagree","Neutral","Strongly disagree","Enroll in an university",1
"bsOrp@cunb.edu","946",6,"A","Much","Somewhat","Much","Agree","Disagree","Strongly disagree","Neutral","Work after finishing school",1
"Bwtyl@cunb.edu","057",8,"B","Slightly","Slightly","Very much","Neutral","Strongly disagree","Strongly agree","Agree","Enroll in a  professional/vocational institute",1
"Bwtyl@cunb.edu","057",8,"B","Slightly","Slightly","Very much","Neutral","Strongly disagree","Strongly agree","Agree","Enroll in a  professional/vocational institute",1
"BXZaK@cunb.edu","262",8,"A","Very much","Somewhat","Very much","Disagree","Strongly agree","Disagree","Disagree","Enroll in high school",1
"CbAUu@cunb.edu","057",6,"B","Much","Not at all","Not at all","Neutral","Strongly disagree","Agree","Strongly disagree","Enroll in an university",1
"CkLrC@cunb.edu","141",8,"B","Much","Much","Much","Strongly disagree","Neutral","Disagree","Agree","I don't know",1
"clHoL@cunb.edu","262",8,"D","Very much","Slightly","Not at all","Neutral","Agree","Neutral","Strongly disagree","Enroll in high school",1
"cM7Tj@cunb.edu","458",7,"A","Somewhat","Somewhat","Slightly","Neutral","Disagree","Agree","Neutral","I don't know",1
"cMV1s@cunb.edu","057",6,"B","Very much","Not at all","Much","Agree","Neutral","Strongly disagree","Strongly disagree","I don't know",1
"cOGbY@cunb.edu","499",8,"A","Somewhat","Somewhat","Not at all","Neutral","Disagree","Strongly disagree","Strongly agree","Enroll in an university",1
"cPNPZ@cunb.edu","946",6,"D","Much","Much","Slightly","Strongly disagree","Strongly agree","Strongly agree","Neutral","Enroll in a  professional/vocational institute",1
"CQS6S@cunb.edu","458",8,"C","Very much","Somewhat","Very much","Neutral","Agree","Strongly agree","Agree","I don't know",1
"CrSbx@cunb.edu","946",7,"A","Slightly","Much","Much","Neutral","Neutral","Strongly agree","Agree","Enroll in an university",1
"csfSA@cunb.edu","060",6,"C","Much","Slightly","Slightly","Agree","Neutral","Neutral","Strongly disagree","Enroll in a  professional/vocational institute",1
"cSK8W@cunb.edu","141",7,"B","Very much","Somewhat","Not at all","Agree","Agree","Disagree","Disagree","Enroll in an university",1
"CTX37@cunb.edu","262",8,"B","Very much","Much","Much","Neutral","Strongly disagree","Disagree","Strongly disagree","Work after finishing school",1
"cVwit@cunb.edu","426",7,"D","Very much","Very much","Much","Strongly disagree","Disagree","Agree","Agree","Enroll in a technical institute",1
"CXOMc@cunb.edu","946",6,"C","Very much","Very much","Not at all","Strongly disagree","Disagree","Neutral","Agree","Work after finishing school",1
"CYKHF@cunb.edu","499",7,"C","Very much","Very much","Somewhat","Agree","Disagree","Strongly disagree","Strongly agree","Enroll in high school",1
"d0S1w@cunb.edu","141",6,"A","Much","Not at all","Slightly","Strongly agree","Neutral","Strongly disagree","Agree","Enroll in an university",1
"d3uhE@cunb.edu","812",8,"C","Much","Somewhat","Very much","Neutral","Strongly agree","Strongly disagree","Strongly agree","Enroll in a technical institute",1
"D4sjT@cunb.edu","458",6,"B","Slightly","Very much","Somewhat","Agree","Agree","Strongly agree","Agree","Enroll in a  professional/vocational institute",1
"d56on@cunb.edu","499",6,"B","Somewhat","Very much","Somewhat","Strongly agree","Agree","Strongly agree","Strongly disagree","Enroll in a technical institute",1
"D6TlX@cunb.edu","812",7,"B","Very much","Slightly","Somewhat","Strongly agree","Strongly disagree","Strongly agree","Strongly agree","Enroll in an university",1
"d6XgF@cunb.edu","458",6,"C","Very much","Much","Somewhat","Strongly agree","Strongly agree","Strongly agree","Strongly agree","Enroll in a  professional/vocational institute",1
"DaK3R@cunb.edu","881",7,"B","Not at all","Not at all","Very much","Strongly disagree","Neutral","Strongly disagree","Neutral","I don't know",1
"dANuE@cunb.edu","881",6,"A","Not at all","Very much","Slightly","Strongly agree","Disagree","Agree","Strongly disagree","Enroll in high school",1
"DB0Rt@cunb.edu","141",6,"B","Slightly","Very much","Somewhat","Strongly disagree","Agree","Disagree","Strongly agree","Enroll in a  professional/vocational institute",1
"dHPfh@cunb.edu","946",8,"B","Very much","Slightly","Slightly","Strongly disagree","Strongly agree","Strongly agree","Strongly agree","Enroll in an university",1
"DMV6n@cunb.edu","057",8,"A","Much","Somewhat","Not at all","Disagree","Disagree","Agree","Strongly disagree","Work after finishing school",1
"dnsdL@cunb.edu","141",7,"B","Very much","Somewhat","Not at all","Neutral","Strongly agree","Strongly disagree","Agree","Work after finishing school",1
"dolJ9@cunb.edu","060",6,"D","Slightly","Much","Slightly","Neutral","Neutral","Agree","Neutral","I don't know",1
"DQAfH@cunb.edu","881",8,"C","Very much","Slightly","Somewhat","Disagree","Disagree","Disagree","Strongly agree","Enroll in a technical institute",1
"DrqoA@cunb.edu","060",7,"A","Not at all","Slightly","Much","Agree","Strongly disagree","Neutral","Disagree","Work after finishing school",1
"DrqoA@cunb.edu","060",7,"A","Not at all","Slightly","Much","Agree","Strongly disagree","Neutral","Disagree","Work after finishing school",1
"dukzc@cunb.edu","426",6,"A","Not at all","Slightly","Somewhat","Strongly disagree","Strongly disagree","Strongly disagree","Disagree","Work after finishing school",1
"e1ITV@cunb.edu","426",8,"D","Somewhat","Much","Somewhat","Disagree","Agree","Agree","Agree","Enroll in high school",1
"e51qc@cunb.edu","060",7,"C","Not at all","Somewhat","Much","Strongly agree","Disagree","Neutral","Neutral","Enroll in a  professional/vocational institute",1
"E66Bf@cunb.edu","499",6,"B","Much","Slightly","Somewhat","Agree","Agree","Agree","Disagree","Enroll in high school",1
"E7TcP@cunb.edu","141",6,"C","Somewhat","Slightly","Very much","Strongly agree","Strongly disagree","Agree","Strongly disagree","Enroll in high school",1
"e8WMe@cunb.edu","426",8,"D","Not at all","Slightly","Very much","Strongly disagree","Strongly agree","Strongly agree","Strongly agree","Enroll in a technical institute",1
"e9WHZ@cunb.edu","499",8,"A","Not at all","Much","Slightly","Strongly disagree","Strongly disagree","Agree","Disagree","Enroll in high school",1
"ecaZb@cunb.edu","946",6,"D","Somewhat","Not at all","Very much","Strongly agree","Disagree","Agree","Disagree","Work after finishing school",1
"EiG5l@cunb.edu","262",8,"A","Very much","Much","Slightly","Strongly agree","Strongly agree","Neutral","Neutral","Enroll in a  professional/vocational institute",1
"eN9cA@cunb.edu","812",6,"B","Much","Somewhat","Slightly","Disagree","Disagree","Strongly disagree","Strongly disagree","Work after finishing school",1
"esGcw@cunb.edu","262",8,"A","Somewhat","Somewhat","Very much","Neutral","Disagree","Strongly agree","Agree","I don't know",1
"EudEF@cunb.edu","499",6,"D","Very much","Very much","Much","Disagree","Strongly agree","Neutral","Disagree","Enroll in high school",1
"ex2CW@cunb.edu","141",6,"A","Somewhat","Much","Much","Agree","Agree","Strongly agree","Neutral","Enroll in high school",1
"ey37T@cunb.edu","426",8,"C","Slightly","Not at all","Somewhat","Agree","Neutral","Strongly disagree","Agree","Enroll in a  professional/vocational institute",1
"eZkWy@cunb.edu","458",6,"B","Not at all","Very much","Somewhat","Strongly agree","Disagree","Agree","Neutral","Enroll in a technical institute",1
"f5OSr@cunb.edu","946",8,"C","Much","Not at all","Not at all","Neutral","Agree","Strongly agree","Strongly agree","Enroll in high school",1
"f5SBh@cunb.edu","458",7,"B","Slightly","Much","Not at all","Strongly disagree","Strongly agree","Neutral","Disagree","I don't know",1
"Fc77Q@cunb.edu","881",7,"D","Very much","Not at all","Somewhat","Agree","Strongly agree","Agree","Disagree","I don't know",1
"fcrC7@cunb.edu","141",6,"D","Very much","Not at all","Very much","Agree","Strongly disagree","Agree","Agree","Enroll in a technical institute",1
"Fdki3@cunb.edu","881",7,"B","Somewhat","Somewhat","Slightly","Strongly disagree","Strongly disagree","Agree","Disagree","Enroll in an university",1
"Fgs6Y@cunb.edu","812",7,"D","Not at all","Somewhat","Somewhat","Strongly agree","Strongly disagree","Disagree","Neutral","Enroll in a  professional/vocational institute",1
"Fi55Q@cunb.edu","060",6,"D","Slightly","Very much","Not at all","Strongly disagree","Disagree","Strongly disagree","Disagree","Enroll in an university",1
"fmwmr@cunb.edu","946",8,"B","Somewhat","Somewhat","Slightly","Strongly agree","Agree","Disagree","Neutral","I don't know",1
"fOSeT@cunb.edu","426",7,"B","Slightly","Very much","Somewhat","Strongly disagree","Strongly disagree","Strongly disagree","Disagree","Enroll in high school",1
"fRGam@cunb.edu","141",6,"B","Slightly","Slightly","Somewhat","Agree","Strongly disagree","Disagree","Strongly disagree","Enroll in high school",1
"frYNV@cunb.edu","499",6,"D","Slightly","Somewhat","Not at all","Neutral","Disagree","Neutral","Disagree","Enroll in an university",1
"frYNV@cunb.edu","499",6,"D",NA,NA,NA,NA,NA,NA,NA,NA,0
"fv38h@cunb.edu","881",7,"D","Much","Not at all","Much","Disagree","Strongly disagree","Disagree","Strongly disagree","Enroll in high school",1
"FV6kq@cunb.edu","060",8,"D","Very much","Much","Much","Neutral","Neutral","Neutral","Agree","Work after finishing school",1
"fVN96@cunb.edu","946",8,"B","Slightly","Very much","Not at all","Neutral","Neutral","Disagree","Neutral","Enroll in a technical institute",1
"fwJQ9@cunb.edu","426",6,"D","Slightly","Much","Very much","Neutral","Neutral","Strongly agree","Disagree","Enroll in high school",1
"fYyPD@cunb.edu","881",6,"C","Slightly","Somewhat","Not at all","Strongly disagree","Strongly agree","Disagree","Strongly agree","Work after finishing school",1
"g2U7j@cunb.edu","060",8,"D","Much","Slightly","Slightly","Strongly agree","Disagree","Agree","Neutral","Work after finishing school",1
"g4rHV@cunb.edu","060",6,"B","Slightly","Slightly","Slightly","Disagree","Strongly disagree","Strongly disagree","Agree","Enroll in a  professional/vocational institute",1
"g5XPk@cunb.edu","141",8,"C","Very much","Slightly","Not at all","Strongly disagree","Agree","Neutral","Agree","I don't know",1
"gaQrq@cunb.edu","057",7,"B","Somewhat","Very much","Very much","Neutral","Neutral","Strongly agree","Agree","Enroll in high school",1
"GbM6A@cunb.edu","426",8,"A","Much","Not at all","Slightly","Strongly disagree","Strongly agree","Disagree","Strongly disagree","I don't know",1
"gca3X@cunb.edu","057",6,"B","Somewhat","Somewhat","Slightly","Agree","Strongly agree","Neutral","Agree","Enroll in an university",1
"gGMMR@cunb.edu","881",8,"A","Somewhat","Slightly","Somewhat","Strongly disagree","Strongly disagree","Disagree","Strongly disagree","Enroll in a technical institute",1
"gGWnO@cunb.edu","426",6,"D","Somewhat","Slightly","Slightly","Neutral","Agree","Neutral","Disagree","Work after finishing school",1
"gjkJn@cunb.edu","060",6,"A","Much","Much","Slightly","Neutral","Agree","Strongly agree","Strongly agree","Enroll in a technical institute",1
"GL4yM@cunb.edu","458",6,"A","Very much","Not at all","Not at all","Disagree","Neutral","Disagree","Strongly disagree","Work after finishing school",1
"glfmD@cunb.edu","881",6,"A","Somewhat","Much","Slightly","Strongly agree","Neutral","Strongly disagree","Strongly disagree","Work after finishing school",1
"gNbee@cunb.edu","881",7,"B","Not at all","Not at all","Very much","Strongly agree","Agree","Strongly agree","Neutral","Enroll in a technical institute",1
"gOXvv@cunb.edu","262",6,"D","Slightly","Very much","Not at all","Strongly disagree","Neutral","Strongly agree","Strongly agree","Enroll in a  professional/vocational institute",1
"gRRyf@cunb.edu","812",8,"A","Somewhat","Very much","Not at all","Disagree","Agree","Disagree","Disagree","Work after finishing school",1
"gWPmX@cunb.edu","812",7,"A","Somewhat","Much","Not at all","Disagree","Disagree","Strongly disagree","Agree","I don't know",1
"GXqOg@cunb.edu","426",8,"B","Very much","Not at all","Not at all","Strongly agree","Neutral","Strongly disagree","Strongly disagree","Enroll in high school",1
"gXqwN@cunb.edu","881",6,"B","Slightly","Somewhat","Much","Disagree","Disagree","Strongly agree","Strongly agree","Enroll in an university",1
"gYcoh@cunb.edu","458",8,"A","Much","Much","Somewhat","Disagree","Disagree","Neutral","Strongly agree","Enroll in high school",1
"H1zTX@cunb.edu","057",6,"C","Very much","Slightly","Much","Disagree","Disagree","Strongly disagree","Neutral","Enroll in a technical institute",1
"HADi3@cunb.edu","499",8,"B","Very much","Somewhat","Not at all","Strongly disagree","Strongly disagree","Strongly disagree","Neutral","Enroll in a  professional/vocational institute",1
"hAhcJ@cunb.edu","057",8,"B","Somewhat","Slightly","Very much","Neutral","Strongly disagree","Neutral","Disagree","I don't know",1
"hCPSL@cunb.edu","881",8,"B","Somewhat","Very much","Very much","Strongly disagree","Agree","Neutral","Neutral","Enroll in a technical institute",1
"hcWWl@cunb.edu","141",8,"D","Slightly","Not at all","Somewhat","Strongly agree","Strongly disagree","Agree","Agree","I don't know",1
"HCXlh@cunb.edu","499",8,"D","Very much","Much","Slightly","Strongly agree","Agree","Disagree","Agree","I don't know",1
"herUm@cunb.edu","812",7,"C","Not at all","Very much","Not at all","Agree","Strongly agree","Neutral","Disagree","Work after finishing school",1
"hHJJh@cunb.edu","141",6,"B","Not at all","Slightly","Not at all","Neutral","Disagree","Strongly disagree","Neutral","Enroll in a technical institute",1
"hJn3w@cunb.edu","946",6,"D","Much","Slightly","Slightly","Strongly disagree","Strongly agree","Strongly disagree","Agree","Enroll in an university",1
"HjVoS@cunb.edu","141",8,"C","Not at all","Slightly","Somewhat","Neutral","Strongly disagree","Disagree","Strongly disagree","I don't know",1
"Hkj9c@cunb.edu","060",8,"B","Not at all","Slightly","Slightly","Neutral","Neutral","Agree","Agree","Enroll in high school",1
"hLExY@cunb.edu","458",8,"C","Not at all","Very much","Very much","Strongly agree","Agree","Strongly agree","Agree","Enroll in a  professional/vocational institute",1
"Hm4nP@cunb.edu","881",7,"A","Slightly","Somewhat","Very much","Disagree","Neutral","Neutral","Neutral","I don't know",1
"hnuCX@cunb.edu","262",7,"C","Not at all","Slightly","Much","Neutral","Disagree","Strongly agree","Disagree","Enroll in a  professional/vocational institute",1
"hoBy6@cunb.edu","458",7,"A","Slightly","Not at all","Very much","Disagree","Strongly disagree","Strongly disagree","Neutral","Enroll in an university",1
"hSCcR@cunb.edu","881",7,"C","Much","Not at all","Not at all","Agree","Neutral","Agree","Strongly disagree","I don't know",1
"HvBXX@cunb.edu","060",7,"C","Much","Slightly","Very much","Agree","Agree","Strongly agree","Disagree","Enroll in a technical institute",1
"I05Rj@cunb.edu","812",8,"A","Somewhat","Slightly","Not at all","Agree","Strongly agree","Agree","Strongly disagree","Enroll in high school",1
"i0HNN@cunb.edu","426",6,"D","Slightly","Much","Much","Neutral","Strongly disagree","Agree","Strongly disagree","Work after finishing school",1
"Ia40B@cunb.edu","458",8,"D","Not at all","Somewhat","Very much","Strongly agree","Strongly agree","Neutral","Agree","Work after finishing school",1
"ICyba@cunb.edu","881",8,"A","Much","Somewhat","Very much","Agree","Agree","Strongly disagree","Agree","Enroll in a technical institute",1
"iD5aa@cunb.edu","426",6,"B","Somewhat","Much","Not at all","Strongly agree","Agree","Neutral","Neutral","Enroll in an university",1
"IDALi@cunb.edu","057",8,"D","Not at all","Not at all","Not at all","Neutral","Disagree","Strongly agree","Strongly disagree","Enroll in a  professional/vocational institute",1
"ii2gl@cunb.edu","057",6,"D","Slightly","Slightly","Very much","Disagree","Neutral","Strongly disagree","Disagree","Enroll in an university",1
"IIluA@cunb.edu","262",7,"D","Very much","Slightly","Somewhat","Disagree","Strongly disagree","Disagree","Strongly agree","Enroll in a  professional/vocational institute",1
"IJBWi@cunb.edu","426",6,"C","Somewhat","Slightly","Much","Disagree","Strongly disagree","Strongly agree","Disagree","Enroll in high school",1
"iK1nV@cunb.edu","881",8,"B","Slightly","Not at all","Not at all","Agree","Agree","Strongly agree","Disagree","Enroll in high school",1
"iLUWX@cunb.edu","946",7,"D","Somewhat","Much","Very much","Disagree","Strongly agree","Disagree","Agree","Enroll in a technical institute",1
"im4cH@cunb.edu","946",7,"A","Slightly","Not at all","Somewhat","Disagree","Disagree","Agree","Disagree","Enroll in an university",1
"in81K@cunb.edu","262",7,"C","Slightly","Slightly","Slightly","Disagree","Strongly disagree","Neutral","Strongly disagree","I don't know",1
"INDmJ@cunb.edu","141",8,"D","Very much","Somewhat","Somewhat","Strongly agree","Neutral","Strongly disagree","Neutral","Enroll in a  professional/vocational institute",1
"IOM4V@cunb.edu","057",7,"B","Somewhat","Very much","Much","Disagree","Disagree","Strongly agree","Neutral","Enroll in a technical institute",1
"iTeUK@cunb.edu","946",6,"B","Not at all","Slightly","Somewhat","Disagree","Strongly disagree","Strongly agree","Neutral","Enroll in high school",1
"ITqG3@cunb.edu","060",7,"B","Slightly","Somewhat","Much","Agree","Strongly agree","Strongly disagree","Strongly agree","Enroll in an university",1
"iUikh@cunb.edu","057",8,"B","Much","Very much","Somewhat","Agree","Agree","Neutral","Agree","I don't know",1
"iUikh@cunb.edu","057",8,"B","Much","Very much","Somewhat","Agree","Agree","Neutral","Agree","I don't know",1
"IWVHG@cunb.edu","262",6,"B","Not at all","Much","Somewhat","Neutral","Agree","Disagree","Strongly disagree","I don't know",1
"ixHpO@cunb.edu","060",6,"D","Very much","Not at all","Somewhat","Disagree","Neutral","Disagree","Strongly agree","Enroll in high school",1
"IxoyN@cunb.edu","881",7,"B","Much","Somewhat","Slightly","Disagree","Disagree","Strongly agree","Disagree","I don't know",1
"IXQzT@cunb.edu","141",8,"A","Somewhat","Somewhat","Not at all","Strongly disagree","Strongly disagree","Agree","Strongly disagree","Enroll in a  professional/vocational institute",1
"iya1k@cunb.edu","426",8,"D","Somewhat","Very much","Much","Strongly agree","Strongly agree","Strongly disagree","Strongly agree","Work after finishing school",1
"IyjHH@cunb.edu","458",6,"C","Not at all","Slightly","Not at all","Agree","Strongly agree","Agree","Strongly disagree","Work after finishing school",1
"izc6A@cunb.edu","141",7,"A","Much","Very much","Much","Strongly agree","Strongly disagree","Strongly disagree","Agree","I don't know",1
"izhsL@cunb.edu","262",8,"D","Much","Much","Very much","Agree","Strongly agree","Neutral","Strongly agree","Work after finishing school",1
"j5DTV@cunb.edu","060",6,"C","Not at all","Much","Very much","Agree","Agree","Strongly disagree","Disagree","Enroll in a technical institute",1
"J611H@cunb.edu","881",7,"B","Much","Slightly","Somewhat","Agree","Neutral","Strongly disagree","Strongly agree","I don't know",1
"J6A6A@cunb.edu","499",7,"C","Slightly","Very much","Slightly","Neutral","Strongly agree","Strongly agree","Agree","Enroll in a  professional/vocational institute",1
"j9avv@cunb.edu","946",6,"D","Slightly","Very much","Very much","Agree","Neutral","Neutral","Agree","Enroll in a technical institute",1
"j9avv@cunb.edu","946",6,"D","Slightly","Very much","Very much","Agree","Neutral","Neutral","Agree","Enroll in a technical institute",1
"JcAcM@cunb.edu","060",8,"B","Not at all","Very much","Slightly","Agree","Agree","Disagree","Agree","Enroll in an university",1
"jDZm1@cunb.edu","141",8,"D","Much","Somewhat","Somewhat","Disagree","Agree","Disagree","Disagree","Enroll in a  professional/vocational institute",1
"JeEPw@cunb.edu","141",6,"D","Somewhat","Much","Somewhat","Strongly disagree","Strongly agree","Strongly agree","Neutral","Enroll in high school",1
"Jehpb@cunb.edu","262",8,"B","Slightly","Not at all","Not at all","Strongly disagree","Agree","Disagree","Strongly agree","Enroll in a technical institute",1
"JfVHZ@cunb.edu","141",8,"C","Somewhat","Not at all","Somewhat","Strongly disagree","Strongly agree","Disagree","Disagree","Enroll in a  professional/vocational institute",1
"JFz93@cunb.edu","812",7,"C","Very much","Very much","Somewhat","Neutral","Agree","Strongly agree","Strongly disagree","Enroll in high school",1
"jh3uH@cunb.edu","946",6,"B","Very much","Not at all","Slightly","Disagree","Neutral","Strongly disagree","Strongly disagree","Enroll in a technical institute",1
"JkFsI@cunb.edu","499",7,"C","Somewhat","Very much","Somewhat","Neutral","Strongly disagree","Neutral","Strongly disagree","Enroll in a technical institute",1
"Jkl2u@cunb.edu","458",7,"D","Very much","Much","Not at all","Strongly disagree","Neutral","Strongly agree","Agree","Work after finishing school",1
"Jm0Fh@cunb.edu","946",7,"D","Somewhat","Very much","Slightly","Strongly disagree","Disagree","Disagree","Disagree","Enroll in an university",1
"JOX8e@cunb.edu","881",7,"D","Slightly","Very much","Somewhat","Agree","Neutral","Neutral","Strongly agree","Enroll in high school",1
"jPeps@cunb.edu","060",8,"C","Much","Very much","Much","Strongly agree","Strongly disagree","Strongly agree","Agree","Enroll in a technical institute",1
"jQ47y@cunb.edu","881",8,"B","Somewhat","Somewhat","Very much","Agree","Agree","Neutral","Neutral","Enroll in an university",1
"JQx4H@cunb.edu","057",8,"A","Much","Very much","Slightly","Disagree","Neutral","Disagree","Neutral","Enroll in a  professional/vocational institute",1
"Jsq4l@cunb.edu","060",7,"A","Slightly","Not at all","Not at all","Strongly agree","Disagree","Strongly agree","Disagree","I don't know",1
"Jyj1m@cunb.edu","881",6,"C","Not at all","Very much","Much","Strongly agree","Agree","Neutral","Neutral","Work after finishing school",1
"K1O6U@cunb.edu","946",6,"A","Somewhat","Somewhat","Not at all","Strongly disagree","Strongly disagree","Disagree","Disagree","Enroll in a technical institute",1
"K6Qhi@cunb.edu","812",8,"B","Not at all","Slightly","Very much","Neutral","Agree","Neutral","Disagree","Work after finishing school",1
"K7rou@cunb.edu","426",7,"D","Slightly","Somewhat","Slightly","Strongly agree","Strongly agree","Strongly agree","Strongly agree","Enroll in an university",1
"K8gOx@cunb.edu","057",8,"A","Very much","Slightly","Somewhat","Strongly agree","Disagree","Agree","Agree","Enroll in a technical institute",1
"kAE9s@cunb.edu","499",6,"C","Slightly","Somewhat","Somewhat","Agree","Neutral","Agree","Strongly agree","Enroll in high school",1
"Kb2G6@cunb.edu","458",8,"A","Much","Not at all","Much","Agree","Strongly disagree","Disagree","Agree","Work after finishing school",1
"kDIZ0@cunb.edu","946",6,"B","Somewhat","Much","Much","Disagree","Disagree","Agree","Strongly agree","Enroll in a  professional/vocational institute",1
"KDlts@cunb.edu","426",8,"C","Slightly","Not at all","Slightly","Agree","Agree","Strongly disagree","Disagree","Enroll in high school",1
"kGDKE@cunb.edu","060",8,"A","Very much","Very much","Somewhat","Disagree","Agree","Strongly disagree","Strongly disagree","Enroll in a technical institute",1
"kjCs7@cunb.edu","458",7,"D","Very much","Very much","Slightly","Strongly agree","Agree","Neutral","Agree","Work after finishing school",1
"KkBbn@cunb.edu","946",8,"A","Slightly","Slightly","Much","Strongly agree","Strongly agree","Strongly disagree","Strongly disagree","Enroll in high school",1
"kPpfW@cunb.edu","262",7,"A","Much","Somewhat","Not at all","Strongly agree","Neutral","Strongly disagree","Disagree","I don't know",1
"kPTrA@cunb.edu","881",7,"B","Very much","Not at all","Slightly","Strongly agree","Strongly disagree","Strongly agree","Strongly disagree","Enroll in high school",1
"KRtQU@cunb.edu","426",6,"D","Much","Much","Not at all","Strongly disagree","Disagree","Disagree","Disagree","Enroll in an university",1
"kswPV@cunb.edu","499",6,"B","Somewhat","Much","Not at all","Strongly agree","Agree","Strongly disagree","Neutral","Enroll in a technical institute",1
"KYFId@cunb.edu","057",8,"A","Slightly","Much","Much","Agree","Strongly agree","Agree","Strongly agree","I don't know",1
"L1AlZ@cunb.edu","426",6,"D","Much","Very much","Slightly","Strongly disagree","Disagree","Neutral","Neutral","I don't know",1
"l23QN@cunb.edu","499",6,"D","Not at all","Slightly","Very much","Neutral","Strongly disagree","Agree","Neutral","Enroll in a  professional/vocational institute",1
"l4sik@cunb.edu","458",7,"C","Very much","Slightly","Slightly","Agree","Disagree","Agree","Disagree","Enroll in a  professional/vocational institute",1
"lCbp2@cunb.edu","812",8,"B","Somewhat","Not at all","Not at all","Strongly agree","Agree","Strongly disagree","Disagree","I don't know",1
"lD4NM@cunb.edu","812",8,"B","Somewhat","Slightly","Somewhat","Disagree","Neutral","Strongly agree","Strongly disagree","Enroll in high school",1
"Ldmq4@cunb.edu","458",8,"A","Somewhat","Slightly","Very much","Disagree","Strongly agree","Strongly agree","Neutral","Work after finishing school",1
"LFfO4@cunb.edu","458",8,"D","Somewhat","Not at all","Somewhat","Strongly disagree","Strongly agree","Disagree","Neutral","Enroll in high school",1
"LFOAP@cunb.edu","060",8,"D","Much","Very much","Not at all","Strongly disagree","Strongly agree","Agree","Strongly agree","I don't know",1
"lo41m@cunb.edu","426",8,"A","Not at all","Very much","Slightly","Disagree","Neutral","Agree","Agree","Enroll in high school",1
"lPqYP@cunb.edu","458",7,"A","Not at all","Somewhat","Much","Agree","Strongly agree","Agree","Strongly agree","Enroll in an university",1
"lqDZF@cunb.edu","812",6,"A","Much","Slightly","Slightly","Strongly agree","Agree","Agree","Strongly agree","Work after finishing school",1
"ltPbr@cunb.edu","812",7,"A","Not at all","Not at all","Much","Neutral","Strongly disagree","Strongly agree","Agree","Enroll in a technical institute",1
"LUH2b@cunb.edu","141",6,"B","Somewhat","Slightly","Somewhat","Strongly agree","Strongly disagree","Neutral","Agree","Enroll in a technical institute",1
"m5qbS@cunb.edu","262",6,"B","Very much","Somewhat","Slightly","Disagree","Disagree","Strongly agree","Agree","Work after finishing school",1
"mAXy2@cunb.edu","881",6,"C","Much","Much","Slightly","Strongly disagree","Strongly agree","Agree","Neutral","Enroll in an university",1
"Mc4Qm@cunb.edu","881",8,"D","Much","Much","Much","Neutral","Neutral","Neutral","Agree","Work after finishing school",1
"Mc84i@cunb.edu","812",8,"D","Not at all","Very much","Somewhat","Disagree","Agree","Strongly disagree","Strongly disagree","Enroll in a technical institute",1
"McG7z@cunb.edu","057",6,"D","Not at all","Not at all","Not at all","Disagree","Strongly agree","Strongly disagree","Disagree","Enroll in a technical institute",1
"MdtiQ@cunb.edu","458",8,"A","Very much","Much","Slightly","Strongly agree","Agree","Strongly disagree","Strongly agree","Enroll in an university",1
"MFgmV@cunb.edu","499",6,"A","Not at all","Slightly","Slightly","Neutral","Strongly disagree","Disagree","Strongly agree","Enroll in an university",1
"mGndQ@cunb.edu","426",7,"D","Slightly","Very much","Very much","Neutral","Agree","Strongly disagree","Disagree","Enroll in high school",1
"mikXS@cunb.edu","060",8,"C","Slightly","Slightly","Not at all","Strongly disagree","Neutral","Disagree","Neutral","Enroll in a technical institute",1
"mms4q@cunb.edu","881",6,"B","Not at all","Very much","Not at all","Strongly disagree","Strongly disagree","Agree","Agree","Enroll in a  professional/vocational institute",1
"Mn42s@cunb.edu","812",7,"A","Somewhat","Slightly","Somewhat","Neutral","Disagree","Strongly disagree","Strongly disagree","Enroll in high school",1
"mN7jO@cunb.edu","458",7,"B","Slightly","Not at all","Much","Strongly disagree","Strongly agree","Agree","Disagree","Enroll in a technical institute",1
"MNGvm@cunb.edu","060",8,"A","Not at all","Slightly","Somewhat","Neutral","Strongly disagree","Strongly agree","Strongly agree","Enroll in a  professional/vocational institute",1
"mQCZJ@cunb.edu","458",8,"C","Not at all","Much","Very much","Neutral","Neutral","Neutral","Disagree","Enroll in a  professional/vocational institute",1
"mrE2F@cunb.edu","812",6,"B","Much","Slightly","Much","Disagree","Strongly agree","Neutral","Agree","Enroll in high school",1
"MWrvY@cunb.edu","141",6,"A","Much","Much","Much","Strongly agree","Strongly disagree","Neutral","Strongly disagree","I don't know",1
"MYW7o@cunb.edu","262",6,"D","Not at all","Not at all","Slightly","Agree","Agree","Strongly agree","Neutral","Work after finishing school",1
"myzHT@cunb.edu","499",7,"B","Not at all","Slightly","Somewhat","Agree","Neutral","Neutral","Neutral","Enroll in a  professional/vocational institute",1
"mzAnk@cunb.edu","946",6,"D","Not at all","Much","Slightly","Strongly disagree","Agree","Strongly agree","Disagree","I don't know",1
"MzLrh@cunb.edu","057",6,"C","Slightly","Much","Somewhat","Neutral","Strongly agree","Disagree","Strongly agree","I don't know",1
"nAn5o@cunb.edu","426",7,"D","Slightly","Very much","Somewhat","Disagree","Agree","Disagree","Strongly disagree","I don't know",1
"nbfqH@cunb.edu","141",8,"D","Somewhat","Much","Somewhat","Agree","Agree","Strongly agree","Strongly agree","Enroll in an university",1
"NBmjz@cunb.edu","946",8,"A","Very much","Somewhat","Slightly","Agree","Strongly agree","Strongly agree","Neutral","I don't know",1
"nCDzy@cunb.edu","881",6,"A","Not at all","Much","Not at all","Agree","Agree","Agree","Strongly disagree","Enroll in a  professional/vocational institute",1
"nClg5@cunb.edu","458",8,"B","Very much","Slightly","Slightly","Agree","Strongly agree","Strongly disagree","Disagree","Enroll in an university",1
"NF9bi@cunb.edu","057",7,"C","Somewhat","Much","Not at all","Neutral","Disagree","Strongly disagree","Agree","Work after finishing school",1
"Nie30@cunb.edu","057",8,"B","Somewhat","Much","Much","Strongly agree","Disagree","Strongly disagree","Neutral","Work after finishing school",1
"Nk807@cunb.edu","057",8,"B","Somewhat","Slightly","Not at all","Strongly agree","Neutral","Disagree","Strongly agree","Work after finishing school",1
"NlvWp@cunb.edu","426",7,"D","Very much","Not at all","Not at all","Neutral","Strongly agree","Agree","Strongly agree","I don't know",1
"NmGj7@cunb.edu","812",7,"C","Somewhat","Somewhat","Slightly","Disagree","Neutral","Neutral","Disagree","Enroll in an university",1
"NOQTZ@cunb.edu","812",7,"A","Slightly","Very much","Not at all","Neutral","Agree","Strongly agree","Disagree","Enroll in a  professional/vocational institute",1
"NOVHP@cunb.edu","881",6,"A","Slightly","Very much","Somewhat","Neutral","Disagree","Agree","Strongly agree","Enroll in high school",1
"nTx9m@cunb.edu","881",6,"D","Somewhat","Much","Much","Neutral","Neutral","Strongly agree","Disagree","I don't know",1
"nu5QZ@cunb.edu","946",6,"A","Somewhat","Very much","Somewhat","Strongly agree","Agree","Disagree","Disagree","I don't know",1
"Nv6kM@cunb.edu","060",6,"B","Very much","Slightly","Somewhat","Agree","Strongly disagree","Disagree","Neutral","Enroll in high school",1
"NWyST@cunb.edu","057",7,"C","Somewhat","Slightly","Very much","Strongly disagree","Neutral","Strongly disagree","Strongly agree","Enroll in an university",1
"nZIvu@cunb.edu","812",8,"C","Very much","Somewhat","Slightly","Agree","Strongly agree","Disagree","Disagree","Enroll in a technical institute",1
"o66SW@cunb.edu","499",8,"D","Very much","Slightly","Somewhat","Neutral","Disagree","Neutral","Neutral","Enroll in a  professional/vocational institute",1
"o7fBu@cunb.edu","881",6,"D","Very much","Slightly","Slightly","Agree","Strongly agree","Strongly agree","Neutral","Work after finishing school",1
"OexMa@cunb.edu","426",7,"B","Much","Not at all","Much","Strongly agree","Neutral","Strongly agree","Disagree","Enroll in high school",1
"Of4ER@cunb.edu","881",7,"A","Much","Somewhat","Very much","Strongly agree","Agree","Neutral","Agree","Enroll in a technical institute",1
"OGFjA@cunb.edu","812",6,"C","Very much","Not at all","Not at all","Strongly agree","Neutral","Strongly disagree","Strongly agree","Work after finishing school",1
"OGUCO@cunb.edu","141",7,"C","Not at all","Very much","Slightly","Disagree","Strongly disagree","Disagree","Strongly disagree","Enroll in an university",1
"OH0n3@cunb.edu","499",8,"C","Slightly","Slightly","Not at all","Neutral","Strongly agree","Strongly agree","Disagree","Enroll in a  professional/vocational institute",1
"olzd4@cunb.edu","060",6,"D","Much","Somewhat","Somewhat","Neutral","Disagree","Agree","Strongly disagree","Enroll in a  professional/vocational institute",1
"omgQJ@cunb.edu","458",7,"B","Much","Somewhat","Not at all","Agree","Agree","Disagree","Strongly agree","Enroll in a technical institute",1
"OqGQ3@cunb.edu","946",8,"A","Slightly","Not at all","Somewhat","Strongly disagree","Strongly disagree","Disagree","Strongly agree","Enroll in an university",1
"oQtHG@cunb.edu","499",8,"D","Somewhat","Somewhat","Much","Strongly disagree","Neutral","Strongly disagree","Disagree","Enroll in high school",1
"owsNr@cunb.edu","262",8,"B","Not at all","Very much","Slightly","Strongly disagree","Neutral","Neutral","Strongly disagree","Enroll in a  professional/vocational institute",1
"OXdUI@cunb.edu","426",7,"A","Slightly","Slightly","Very much","Strongly agree","Agree","Strongly agree","Agree","Work after finishing school",1
"p16qb@cunb.edu","060",8,"A","Slightly","Slightly","Slightly","Agree","Agree","Strongly disagree","Agree","Enroll in a  professional/vocational institute",1
"P3Lse@cunb.edu","141",7,"C","Very much","Somewhat","Slightly","Strongly agree","Agree","Agree","Disagree","Enroll in a technical institute",1
"pcowa@cunb.edu","060",6,"B","Not at all","Somewhat","Somewhat","Neutral","Disagree","Agree","Neutral","Enroll in a technical institute",1
"PDHb7@cunb.edu","060",7,"D","Slightly","Very much","Somewhat","Agree","Agree","Agree","Neutral","Work after finishing school",1
"PeF4m@cunb.edu","426",7,"B","Not at all","Much","Much","Disagree","Strongly disagree","Neutral","Strongly disagree","Work after finishing school",1
"Perf6@cunb.edu","262",8,"B","Very much","Somewhat","Somewhat","Neutral","Agree","Strongly disagree","Disagree","Enroll in high school",1
"PFd7a@cunb.edu","881",6,"B","Much","Somewhat","Much","Strongly agree","Strongly agree","Strongly disagree","Agree","Enroll in high school",1
"PfUvL@cunb.edu","060",7,"A","Slightly","Slightly","Much","Strongly agree","Strongly disagree","Strongly agree","Neutral","Enroll in a  professional/vocational institute",1
"PHmYE@cunb.edu","060",7,"B","Slightly","Slightly","Slightly","Disagree","Disagree","Strongly agree","Neutral","Enroll in a technical institute",1
"piikz@cunb.edu","881",8,"C","Not at all","Not at all","Not at all","Disagree","Disagree","Strongly agree","Agree","Enroll in high school",1
"PInrZ@cunb.edu","458",8,"B","Not at all","Very much","Slightly","Strongly disagree","Disagree","Neutral","Disagree","Enroll in an university",1
"pJXX5@cunb.edu","499",8,"B","Slightly","Not at all","Much","Neutral","Agree","Neutral","Strongly disagree","Work after finishing school",1
"PKIIe@cunb.edu","812",8,"B","Very much","Somewhat","Much","Disagree","Strongly disagree","Strongly agree","Agree","Enroll in an university",1
"pM2FP@cunb.edu","141",7,"D","Much","Very much","Very much","Agree","Strongly agree","Strongly disagree","Neutral","Enroll in high school",1
"pmEIZ@cunb.edu","060",6,"C","Much","Slightly","Slightly","Disagree","Agree","Strongly disagree","Strongly agree","Enroll in high school",1
"pnbtj@cunb.edu","881",7,"D","Somewhat","Not at all","Slightly","Agree","Disagree","Agree","Neutral","Enroll in a  professional/vocational institute",1
"pnbtj@cunb.edu","881",7,"D","Somewhat","Not at all","Slightly","Agree","Disagree","Agree","Neutral","Enroll in a  professional/vocational institute",1
"PQKzq@cunb.edu","426",7,"D","Much","Somewhat","Very much","Agree","Neutral","Disagree","Strongly agree","I don't know",1
"pqsnX@cunb.edu","262",8,"A","Very much","Very much","Slightly","Neutral","Agree","Strongly disagree","Strongly disagree","Enroll in an university",1
"PTdmA@cunb.edu","499",7,"D","Much","Much","Much","Strongly agree","Disagree","Agree","Agree","Work after finishing school",1
"q6xMb@cunb.edu","426",7,"A","Not at all","Very much","Very much","Strongly agree","Strongly agree","Agree","Strongly disagree","Enroll in an university",1
"q9by8@cunb.edu","057",7,"C","Very much","Much","Much","Strongly agree","Strongly disagree","Agree","Neutral","Enroll in a technical institute",1
"qDyJ8@cunb.edu","458",8,"C","Slightly","Much","Much","Disagree","Strongly agree","Neutral","Neutral","I don't know",1
"QeQAa@cunb.edu","060",8,"C","Not at all","Much","Very much","Strongly disagree","Neutral","Strongly disagree","Strongly agree","Work after finishing school",1
"qFlES@cunb.edu","812",8,"C","Much","Somewhat","Slightly","Strongly disagree","Strongly disagree","Strongly agree","Strongly disagree","Enroll in an university",1
"qHdQ3@cunb.edu","499",8,"D","Much","Slightly","Not at all","Neutral","Strongly disagree","Agree","Strongly agree","Enroll in a technical institute",1
"QIzaa@cunb.edu","812",8,"A","Much","Much","Somewhat","Strongly disagree","Strongly agree","Disagree","Agree","Enroll in high school",1
"qJUEv@cunb.edu","426",6,"B","Somewhat","Not at all","Slightly","Disagree","Strongly disagree","Neutral","Disagree","Enroll in a  professional/vocational institute",1
"qlUOj@cunb.edu","946",8,"D","Slightly","Very much","Not at all","Neutral","Disagree","Neutral","Neutral","I don't know",1
"QmqNO@cunb.edu","060",7,"A","Somewhat","Slightly","Somewhat","Strongly disagree","Neutral","Strongly disagree","Strongly disagree","Enroll in an university",1
"QqduQ@cunb.edu","946",6,"A","Not at all","Very much","Slightly","Strongly disagree","Strongly disagree","Neutral","Strongly disagree","Enroll in high school",1
"qS1uO@cunb.edu","057",7,"D","Very much","Much","Slightly","Disagree","Neutral","Agree","Agree","Enroll in an university",1
"QTlHk@cunb.edu","458",8,"A","Very much","Slightly","Not at all","Agree","Strongly agree","Disagree","Neutral","Enroll in a  professional/vocational institute",1
"QUXC5@cunb.edu","060",8,"C","Somewhat","Somewhat","Very much","Strongly agree","Strongly disagree","Neutral","Neutral","Work after finishing school",1
"Qwj7v@cunb.edu","060",8,"B","Not at all","Slightly","Not at all","Strongly disagree","Agree","Strongly disagree","Strongly disagree","Work after finishing school",1
"Qwj7v@cunb.edu","060",8,"B","Not at all","Slightly","Not at all","Strongly disagree","Agree","Strongly disagree","Strongly disagree","Work after finishing school",1
"Qx4wv@cunb.edu","499",8,"B","Not at all","Very much","Very much","Disagree","Disagree","Strongly disagree","Neutral","I don't know",1
"r0NLU@cunb.edu","262",7,"C","Not at all","Somewhat","Somewhat","Agree","Disagree","Strongly disagree","Agree","Enroll in high school",1
"r6ghj@cunb.edu","426",6,"C","Not at all","Very much","Somewhat","Strongly disagree","Strongly agree","Strongly disagree","Strongly agree","Enroll in an university",1
"RAEQX@cunb.edu","812",7,"A","Somewhat","Somewhat","Slightly","Strongly agree","Strongly agree","Neutral","Strongly agree","Enroll in high school",1
"rEijA@cunb.edu","812",7,"D","Slightly","Very much","Slightly","Strongly agree","Strongly agree","Strongly disagree","Agree","Enroll in high school",1
"rETO6@cunb.edu","141",8,"D","Slightly","Slightly","Somewhat","Disagree","Neutral","Strongly disagree","Neutral","I don't know",1
"rHJ5X@cunb.edu","946",6,"D","Somewhat","Very much","Slightly","Neutral","Strongly agree","Strongly agree","Strongly disagree","I don't know",1
"RIadt@cunb.edu","881",7,"C","Somewhat","Not at all","Much","Strongly disagree","Strongly disagree","Disagree","Agree","Work after finishing school",1
"RIG9a@cunb.edu","499",8,"B","Not at all","Very much","Much","Neutral","Strongly disagree","Agree","Neutral","Enroll in high school",1
"RKjMt@cunb.edu","458",7,"C","Much","Slightly","Not at all","Disagree","Strongly disagree","Agree","Neutral","Work after finishing school",1
"Rnsog@cunb.edu","812",6,"D","Not at all","Very much","Not at all","Neutral","Neutral","Disagree","Strongly disagree","Enroll in a  professional/vocational institute",1
"ROBbH@cunb.edu","881",6,"D","Very much","Very much","Somewhat","Strongly disagree","Strongly disagree","Strongly disagree","Agree","Work after finishing school",1
"rugQk@cunb.edu","881",7,"B","Much","Very much","Much","Neutral","Neutral","Strongly disagree","Agree","Enroll in an university",1
"rwZCA@cunb.edu","262",8,"D","Slightly","Much","Very much","Strongly agree","Disagree","Disagree","Strongly agree","Enroll in a  professional/vocational institute",1
"s23zR@cunb.edu","060",6,"A","Very much","Very much","Slightly","Strongly agree","Agree","Strongly agree","Neutral","Work after finishing school",1
"S3ivs@cunb.edu","426",6,"A","Much","Very much","Very much","Disagree","Strongly agree","Disagree","Disagree","Enroll in high school",1
"S9SJU@cunb.edu","499",8,"A","Very much","Somewhat","Very much","Agree","Neutral","Disagree","Disagree","Enroll in a  professional/vocational institute",1
"SaIVp@cunb.edu","499",6,"D","Much","Very much","Not at all","Strongly disagree","Disagree","Strongly agree","Strongly disagree","Enroll in an university",1
"sB4Ar@cunb.edu","881",7,"D","Slightly","Much","Much","Neutral","Agree","Neutral","Strongly disagree","Enroll in a technical institute",1
"SeuMo@cunb.edu","141",7,"C","Much","Not at all","Somewhat","Disagree","Strongly agree","Strongly agree","Disagree","Enroll in a  professional/vocational institute",1
"sgmDN@cunb.edu","812",6,"C","Very much","Very much","Somewhat","Neutral","Strongly disagree","Neutral","Neutral","Enroll in a  professional/vocational institute",1
"SHK1n@cunb.edu","057",8,"A","Very much","Slightly","Much","Neutral","Disagree","Disagree","Strongly disagree","Enroll in a  professional/vocational institute",1
"sktkS@cunb.edu","946",7,"A","Not at all","Not at all","Very much","Agree","Strongly agree","Strongly disagree","Disagree","Enroll in a  professional/vocational institute",1
"slHMG@cunb.edu","060",6,"B","Somewhat","Slightly","Much","Strongly agree","Agree","Strongly disagree","Strongly agree","Work after finishing school",1
"SMLeO@cunb.edu","812",7,"C","Very much","Somewhat","Much","Strongly disagree","Disagree","Agree","Neutral","Work after finishing school",1
"SmlFd@cunb.edu","057",6,"D","Somewhat","Not at all","Much","Agree","Neutral","Disagree","Strongly disagree","Enroll in a technical institute",1
"sMMVJ@cunb.edu","057",6,"D","Much","Not at all","Not at all","Disagree","Strongly agree","Agree","Strongly agree","Enroll in a technical institute",1
"sP4gG@cunb.edu","881",8,"D","Slightly","Somewhat","Much","Neutral","Strongly agree","Strongly agree","Disagree","Work after finishing school",1
"Stc51@cunb.edu","812",6,"A","Not at all","Much","Slightly","Agree","Disagree","Neutral","Strongly agree","Work after finishing school",1
"stphG@cunb.edu","946",8,"A","Very much","Very much","Much","Agree","Strongly disagree","Disagree","Agree","Enroll in a  professional/vocational institute",1
"SX3RU@cunb.edu","812",8,"C","Not at all","Much","Slightly","Agree","Neutral","Strongly disagree","Neutral","Enroll in a technical institute",1
"sXPRW@cunb.edu","499",8,"A","Somewhat","Slightly","Not at all","Neutral","Strongly disagree","Agree","Disagree","Enroll in high school",1
"SYj9l@cunb.edu","141",7,"A","Slightly","Not at all","Much","Strongly disagree","Strongly disagree","Strongly agree","Neutral","Work after finishing school",1
"T1k9O@cunb.edu","812",6,"B","Slightly","Not at all","Very much","Neutral","Neutral","Strongly agree","Strongly disagree","Enroll in a  professional/vocational institute",1
"tBF1R@cunb.edu","060",8,"A","Very much","Very much","Very much","Agree","Agree","Strongly agree","Disagree","Enroll in high school",1
"TcaH7@cunb.edu","881",7,"C","Very much","Slightly","Much","Strongly agree","Strongly disagree","Strongly disagree","Disagree","Work after finishing school",1
"tEbvJ@cunb.edu","141",7,"A","Slightly","Not at all","Slightly","Strongly disagree","Agree","Strongly disagree","Strongly agree","Enroll in a technical institute",1
"TEnoX@cunb.edu","141",7,"B","Very much","Not at all","Slightly","Strongly disagree","Disagree","Disagree","Agree","Work after finishing school",1
"TF9Z2@cunb.edu","426",8,"B","Somewhat","Much","Very much","Strongly disagree","Strongly agree","Strongly disagree","Neutral","Enroll in an university",1
"tfIyr@cunb.edu","881",6,"D","Much","Not at all","Somewhat","Neutral","Strongly disagree","Neutral","Neutral","Enroll in a technical institute",1
"TfZza@cunb.edu","499",7,"B","Slightly","Somewhat","Very much","Strongly agree","Strongly agree","Neutral","Neutral","Enroll in an university",1
"TNdac@cunb.edu","057",7,"A","Very much","Much","Slightly","Neutral","Strongly agree","Strongly agree","Strongly agree","Work after finishing school",1
"ToLpH@cunb.edu","426",8,"A","Very much","Very much","Not at all","Strongly disagree","Disagree","Agree","Strongly agree","Enroll in high school",1
"tQao6@cunb.edu","060",8,"B","Very much","Slightly","Slightly","Agree","Agree","Strongly agree","Strongly disagree","Enroll in a technical institute",1
"TrfP2@cunb.edu","262",6,"A","Much","Somewhat","Much","Neutral","Agree","Neutral","Neutral","I don't know",1
"tU8sl@cunb.edu","812",7,"D","Much","Not at all","Slightly","Strongly disagree","Neutral","Agree","Agree","I don't know",1
"tVJ9F@cunb.edu","057",7,"B","Slightly","Not at all","Very much","Agree","Disagree","Strongly disagree","Agree","Enroll in a  professional/vocational institute",1
"TxDiG@cunb.edu","141",7,"B","Slightly","Somewhat","Slightly","Agree","Neutral","Neutral","Strongly disagree","Enroll in high school",1
"TXOnG@cunb.edu","141",8,"B","Slightly","Somewhat","Not at all","Agree","Disagree","Disagree","Disagree","I don't know",1
"TYd4V@cunb.edu","057",6,"C","Very much","Not at all","Very much","Neutral","Strongly agree","Strongly agree","Strongly disagree","Enroll in an university",1
"UdGjV@cunb.edu","881",6,"B","Somewhat","Not at all","Very much","Neutral","Disagree","Strongly disagree","Strongly agree","Work after finishing school",1
"ueAmd@cunb.edu","262",8,"D","Not at all","Not at all","Not at all","Agree","Strongly agree","Strongly agree","Strongly disagree","I don't know",1
"UeTDR@cunb.edu","141",7,"B","Not at all","Very much","Much","Strongly agree","Strongly agree","Disagree","Strongly disagree","Enroll in a  professional/vocational institute",1
"ufxQs@cunb.edu","499",8,"C","Somewhat","Not at all","Much","Strongly disagree","Agree","Agree","Strongly disagree","Work after finishing school",1
"uH5Yn@cunb.edu","141",7,"D","Very much","Very much","Slightly","Strongly disagree","Strongly agree","Agree","Agree","Enroll in a technical institute",1
"uhKT5@cunb.edu","426",7,"D","Not at all","Not at all","Not at all","Disagree","Strongly agree","Strongly agree","Neutral","I don't know",1
"uJWt4@cunb.edu","812",7,"C","Not at all","Not at all","Much","Strongly disagree","Neutral","Disagree","Strongly disagree","Enroll in a  professional/vocational institute",1
"UL3tM@cunb.edu","262",8,"C","Not at all","Slightly","Very much","Strongly agree","Disagree","Agree","Strongly disagree","Enroll in a technical institute",1
"ULBoo@cunb.edu","262",7,"A","Not at all","Much","Very much","Strongly agree","Strongly agree","Agree","Agree","Work after finishing school",1
"UmDBF@cunb.edu","426",6,"C","Slightly","Much","Slightly","Agree","Strongly agree","Disagree","Neutral","Enroll in high school",1
"USkeb@cunb.edu","060",7,"B","Slightly","Much","Slightly","Strongly disagree","Strongly disagree","Neutral","Neutral","Enroll in high school",1
"uuOz9@cunb.edu","499",7,"D","Slightly","Somewhat","Very much","Strongly disagree","Agree","Disagree","Agree","Enroll in an university",1
"V1tgi@cunb.edu","812",6,"A","Not at all","Very much","Very much","Strongly disagree","Neutral","Strongly disagree","Agree","I don't know",1
"V5EgG@cunb.edu","946",6,"B","Not at all","Not at all","Slightly","Strongly disagree","Neutral","Strongly disagree","Neutral","Enroll in high school",1
"V9L3z@cunb.edu","057",6,"C","Slightly","Not at all","Somewhat","Strongly disagree","Disagree","Disagree","Agree","Enroll in a  professional/vocational institute",1
"V9L3z@cunb.edu","057",6,"C",NA,NA,NA,NA,NA,NA,NA,NA,0
"Vbnmp@cunb.edu","060",8,"C","Slightly","Much","Not at all","Strongly disagree","Disagree","Neutral","Disagree","Work after finishing school",1
"Vbnmp@cunb.edu","060",8,"C",NA,NA,NA,NA,NA,NA,NA,NA,0
"vdlX2@cunb.edu","262",8,"B","Much","Not at all","Very much","Disagree","Neutral","Neutral","Strongly agree","Enroll in an university",1
"VDPrb@cunb.edu","057",8,"A","Slightly","Not at all","Slightly","Neutral","Strongly agree","Disagree","Disagree","Work after finishing school",1
"Vg8p9@cunb.edu","812",8,"B","Slightly","Not at all","Much","Neutral","Disagree","Strongly agree","Strongly disagree","Work after finishing school",1
"Viy4K@cunb.edu","060",7,"B","Slightly","Very much","Not at all","Strongly agree","Disagree","Disagree","Strongly agree","Enroll in a  professional/vocational institute",1
"Vj9UC@cunb.edu","881",6,"C","Somewhat","Slightly","Not at all","Strongly agree","Disagree","Agree","Disagree","Enroll in a  professional/vocational institute",1
"vN0hR@cunb.edu","881",7,"A","Not at all","Slightly","Very much","Strongly agree","Neutral","Disagree","Neutral","Work after finishing school",1
"vVOcQ@cunb.edu","946",6,"C","Not at all","Much","Not at all","Neutral","Strongly disagree","Disagree","Strongly disagree","Enroll in high school",1
"vykaT@cunb.edu","946",8,"D","Somewhat","Much","Slightly","Disagree","Neutral","Strongly disagree","Disagree","Enroll in an university",1
"VZ3c5@cunb.edu","499",6,"C","Much","Very much","Very much","Strongly agree","Strongly disagree","Disagree","Strongly agree","Work after finishing school",1
"WDtRU@cunb.edu","499",8,"D","Very much","Slightly","Slightly","Disagree","Agree","Strongly disagree","Strongly disagree","I don't know",1
"WhDe3@cunb.edu","458",8,"A","Much","Not at all","Much","Neutral","Agree","Neutral","Strongly agree","Enroll in a technical institute",1
"wilVn@cunb.edu","946",7,"B","Somewhat","Very much","Slightly","Neutral","Strongly agree","Disagree","Disagree","Work after finishing school",1
"WJ8Qq@cunb.edu","881",6,"D","Very much","Very much","Not at all","Neutral","Neutral","Agree","Neutral","I don't know",1
"wKmoO@cunb.edu","141",6,"D","Very much","Slightly","Not at all","Strongly agree","Agree","Neutral","Agree","Enroll in a technical institute",1
"WlSXY@cunb.edu","458",6,"D","Not at all","Very much","Slightly","Strongly disagree","Disagree","Agree","Strongly agree","Enroll in a technical institute",1
"WOdJf@cunb.edu","499",7,"B","Not at all","Not at all","Much","Agree","Disagree","Neutral","Strongly disagree","Work after finishing school",1
"WpDNa@cunb.edu","426",6,"C","Very much","Very much","Much","Strongly agree","Neutral","Neutral","Disagree","Enroll in an university",1
"wPuQt@cunb.edu","060",7,"A","Very much","Somewhat","Not at all","Strongly agree","Strongly agree","Strongly disagree","Agree","Work after finishing school",1
"WPxis@cunb.edu","057",7,"D","Not at all","Very much","Much","Disagree","Disagree","Neutral","Agree","Enroll in high school",1
"wqj6o@cunb.edu","946",6,"B","Not at all","Somewhat","Much","Agree","Strongly disagree","Strongly disagree","Neutral","Enroll in a technical institute",1
"WrvTX@cunb.edu","060",7,"C","Slightly","Somewhat","Slightly","Disagree","Disagree","Neutral","Strongly agree","Enroll in a  professional/vocational institute",1
"WYOEs@cunb.edu","060",6,"D","Slightly","Slightly","Slightly","Strongly agree","Strongly disagree","Neutral","Strongly disagree","Work after finishing school",1
"x3DaX@cunb.edu","812",6,"A","Very much","Somewhat","Not at all","Disagree","Strongly agree","Strongly agree","Strongly disagree","Work after finishing school",1
"X7x7g@cunb.edu","499",7,"B","Not at all","Slightly","Slightly","Neutral","Agree","Agree","Neutral","Enroll in a technical institute",1
"X86tq@cunb.edu","262",6,"A","Not at all","Slightly","Very much","Strongly disagree","Strongly disagree","Neutral","Strongly agree","I don't know",1
"X91KB@cunb.edu","812",6,"C","Very much","Not at all","Slightly","Neutral","Neutral","Strongly agree","Disagree","I don't know",1
"xBIRr@cunb.edu","881",6,"B","Much","Very much","Slightly","Strongly disagree","Agree","Strongly disagree","Agree","Enroll in high school",1
"XbPFw@cunb.edu","141",7,"C","Not at all","Much","Not at all","Strongly agree","Strongly disagree","Strongly agree","Strongly disagree","Enroll in an university",1
"XgRrw@cunb.edu","141",6,"D","Slightly","Very much","Not at all","Agree","Strongly agree","Strongly disagree","Disagree","Enroll in a technical institute",1
"XHff1@cunb.edu","057",6,"C","Very much","Not at all","Much","Strongly agree","Disagree","Disagree","Strongly disagree","Enroll in an university",1
"xHOis@cunb.edu","881",7,"B","Very much","Slightly","Very much","Disagree","Disagree","Disagree","Agree","Enroll in high school",1
"xl2ct@cunb.edu","499",6,"A","Somewhat","Not at all","Not at all","Disagree","Agree","Neutral","Agree","Enroll in a technical institute",1
"XMDVn@cunb.edu","458",8,"B","Very much","Very much","Not at all","Disagree","Agree","Neutral","Strongly disagree","Work after finishing school",1
"xNTHJ@cunb.edu","458",6,"D","Very much","Very much","Much","Neutral","Strongly agree","Strongly disagree","Disagree","Enroll in a technical institute",1
"xOryh@cunb.edu","458",6,"C","Very much","Not at all","Slightly","Strongly agree","Neutral","Neutral","Disagree","Enroll in a  professional/vocational institute",1
"XSWXM@cunb.edu","881",6,"A","Much","Slightly","Very much","Disagree","Strongly disagree","Neutral","Neutral","Enroll in a technical institute",1
"xulpg@cunb.edu","881",8,"C","Slightly","Slightly","Slightly","Strongly disagree","Disagree","Strongly agree","Strongly agree","Enroll in an university",1
"xVa2K@cunb.edu","262",8,"D","Slightly","Slightly","Slightly","Strongly disagree","Agree","Neutral","Strongly disagree","Work after finishing school",1
"XzJVR@cunb.edu","057",6,"A","Somewhat","Somewhat","Much","Disagree","Neutral","Agree","Disagree","Work after finishing school",1
"xzv5c@cunb.edu","060",6,"D","Somewhat","Very much","Much","Disagree","Strongly agree","Neutral","Strongly agree","Enroll in high school",1
"xZwEQ@cunb.edu","060",6,"D","Much","Slightly","Much","Neutral","Neutral","Neutral","Strongly agree","Enroll in high school",1
"y5gvG@cunb.edu","881",6,"A","Somewhat","Somewhat","Somewhat","Agree","Agree","Strongly agree","Strongly disagree","I don't know",1
"y5gvG@cunb.edu","881",6,"A",NA,NA,NA,NA,NA,NA,NA,NA,0
"yAJOc@cunb.edu","499",8,"C","Much","Somewhat","Very much","Strongly disagree","Neutral","Disagree","Disagree","I don't know",1
"yANBw@cunb.edu","499",6,"C","Much","Very much","Slightly","Disagree","Agree","Neutral","Neutral","Enroll in an university",1
"Ycil4@cunb.edu","812",7,"B","Much","Somewhat","Not at all","Strongly agree","Neutral","Neutral","Disagree","Enroll in an university",1
"ye0bd@cunb.edu","499",8,"B","Not at all","Much","Somewhat","Strongly disagree","Strongly agree","Strongly disagree","Neutral","Enroll in high school",1
"YEWSV@cunb.edu","499",8,"B","Very much","Very much","Much","Neutral","Strongly agree","Strongly agree","Strongly disagree","Enroll in high school",1
"yimRW@cunb.edu","881",8,"B","Somewhat","Not at all","Much","Neutral","Disagree","Strongly disagree","Strongly disagree","Enroll in an university",1
"ykadf@cunb.edu","812",6,"A","Somewhat","Somewhat","Slightly","Strongly disagree","Disagree","Strongly disagree","Agree","Enroll in an university",1
"ylW2t@cunb.edu","057",6,"A","Very much","Very much","Much","Neutral","Strongly agree","Disagree","Disagree","Enroll in a technical institute",1
"Yn5uG@cunb.edu","946",8,"D","Very much","Much","Much","Strongly disagree","Neutral","Agree","Agree","Enroll in an university",1
"yQxuv@cunb.edu","812",6,"B","Somewhat","Not at all","Very much","Disagree","Neutral","Strongly disagree","Disagree","Enroll in a technical institute",1
"Yrw1J@cunb.edu","812",8,"C","Much","Somewhat","Slightly","Neutral","Strongly agree","Strongly disagree","Strongly disagree","Work after finishing school",1
"YsFJZ@cunb.edu","499",8,"A","Not at all","Very much","Much","Strongly agree","Agree","Strongly disagree","Disagree","Enroll in a technical institute",1
"YuotT@cunb.edu","812",6,"D","Not at all","Very much","Much","Agree","Agree","Agree","Disagree","Work after finishing school",1
"YURxL@cunb.edu","458",7,"C","Very much","Very much","Somewhat","Strongly agree","Agree","Neutral","Agree","I don't know",1
"YxmoK@cunb.edu","057",7,"D","Slightly","Slightly","Somewhat","Agree","Disagree","Neutral","Disagree","Work after finishing school",1
"YZyz6@cunb.edu","812",8,"B","Very much","Slightly","Not at all","Strongly agree","Agree","Strongly disagree","Strongly disagree","I don't know",1
"z2NHZ@cunb.edu","141",7,"B","Much","Much","Somewhat","Strongly agree","Disagree","Neutral","Strongly agree","Enroll in an university",1
"Z73xP@cunb.edu","262",6,"D","Somewhat","Somewhat","Not at all","Strongly agree","Strongly disagree","Strongly disagree","Neutral","Enroll in high school",1
"z9hod@cunb.edu","458",7,"B","Very much","Not at all","Very much","Disagree","Neutral","Neutral","Disagree","Work after finishing school",1
"ZbmAc@cunb.edu","881",8,"C","Somewhat","Very much","Much","Strongly agree","Agree","Agree","Neutral","Work after finishing school",1
"Zcjvz@cunb.edu","060",7,"D","Somewhat","Very much","Slightly","Agree","Strongly agree","Strongly agree","Neutral","Enroll in high school",1
"zcoww@cunb.edu","057",7,"B","Much","Much","Not at all","Disagree","Neutral","Agree","Neutral","I don't know",1
"ZeyGX@cunb.edu","458",8,"C","Slightly","Much","Not at all","Neutral","Neutral","Strongly agree","Strongly agree","Enroll in a technical institute",1
"zfiZD@cunb.edu","499",6,"A","Somewhat","Much","Very much","Strongly agree","Neutral","Agree","Neutral","Work after finishing school",1
"zfoJX@cunb.edu","946",6,"A","Not at all","Much","Not at all","Disagree","Strongly agree","Strongly agree","Strongly agree","I don't know",1
"zgmnu@cunb.edu","499",7,"A","Slightly","Very much","Somewhat","Strongly agree","Agree","Disagree","Strongly agree","Enroll in a  professional/vocational institute",1
"zhN8c@cunb.edu","458",7,"B","Not at all","Slightly","Somewhat","Neutral","Strongly agree","Strongly agree","Neutral","Enroll in high school",1
"zK84G@cunb.edu","060",7,"A","Not at all","Much","Much","Neutral","Strongly disagree","Strongly agree","Strongly agree","Enroll in a technical institute",1
"Zn3GH@cunb.edu","458",7,"D","Very much","Very much","Much","Neutral","Strongly disagree","Neutral","Strongly agree","Enroll in an university",1
"ZnIE7@cunb.edu","141",8,"C","Somewhat","Slightly","Not at all","Strongly disagree","Disagree","Neutral","Disagree","Enroll in high school",1
"Zpc7G@cunb.edu","060",6,"D","Not at all","Much","Very much","Disagree","Strongly disagree","Strongly disagree","Neutral","I don't know",1
"ZPLGl@cunb.edu","262",8,"A","Not at all","Much","Not at all","Strongly agree","Neutral","Strongly agree","Agree","Enroll in a technical institute",1
"zSrPM@cunb.edu","881",6,"D","Very much","Very much","Somewhat","Strongly agree","Strongly disagree","Strongly agree","Neutral","Enroll in high school",1
"zUUJs@cunb.edu","946",7,"B","Not at all","Very much","Very much","Strongly agree","Neutral","Strongly agree","Strongly disagree","Enroll in an university",1
"ZXtHu@cunb.edu","141",6,"D","Somewhat","Slightly","Slightly","Strongly agree","Neutral","Agree","Neutral","I don't know",1
